Sr.No.,Manager,Entries,Ann_Ret,Ann_Vol,Sharpe_Ratio,Drawdown,Skewness,Kurtosis
0,EQUIRUS SECURITIES PRIVATE LIMITED,31,-0.0018815420907469793,0.3651572083893589,-0.18616928733548135,-0.3703779309304385,-1.0924376807665463,5.848421433308624
1,SYSTEMATIX SHARES AND STOCKS (INDIA) LIMITED,31,-0.07067982482887103,0.2805246222026428,-0.4720442303540819,-0.3372275558357408,-1.7945823117998754,8.015119414036167
2,ANVIL WEALTH MANAGEMENT PVT LTD,31,0.04435103546757957,0.2523668884676409,-0.09625390106198303,-0.2630673,-0.5502022028559537,5.863763552486509
3,JAIN INVESTMENT ADVISORS PVT. LTD,31,-0.07182455778792107,0.1867722781875159,-0.7139330526489973,-0.255810444464018,-1.2703625783013606,6.397580524448188
4,HARMONEY WEALTH ADVISORY SERVICES INDIA PVT LTD,31,-0.13877412795962485,0.2713048269953333,-0.7235949925064085,-0.49474492825800787,-1.1250524934978048,7.3777322197974
5,TAMOHARA INVESTMENT MANAGERS PRIVATE LIMITED,31,0.048932337967231954,0.16345384492068343,-0.12158687444637657,-0.15936545286624618,-0.4144609988568083,3.931308738177969
6,ANIVED PORTFOLIO MANAGERS PVT. LTD.,31,-0.06474951796713824,0.2645710409091326,-0.47932769199565567,-0.3526744055637956,-1.598237735754805,7.8452558716738645
7,NJ ADVISORY SERVICES PRIVATE LIMITED,31,-0.020597656662523445,0.1507704352896129,-0.5650387588626563,-0.1853939664548926,-0.6922222293591777,5.8592153740838215
8,TATA ASSET MANAGEMENT  LIMITED,31,0.009363970726751658,0.1665267341745424,-0.3426536376172271,-0.19215660000000007,-1.3658991865576482,6.44548616043304
9,ANGEL BROKING LTD.,31,-0.018733313399929674,0.11574616139341488,-0.7206494953080411,-0.12396800000000024,0.4422279160205771,4.864961771352118
10,TAURUS TREASURY MANAGEMENT SERVICES PRIVATE LIMITED,31,-0.020910323754561033,0.0849095522875808,-1.006293624635215,-0.18242645484286207,-2.6482373579577274,8.742573293180218
11,NINE RIVERS CAPITAL HOLDINGS PRIVATE LIMITED,31,-0.14402285167419426,0.3372141772743826,-0.5970786764751923,-0.569389473725708,-0.6763361145072213,5.132368563199622
12,ESCORP ASSET MANAGEMENT LIMITED,31,-0.0819056549037851,0.1613320902822458,-0.8850122169847044,-0.22812999516126442,-0.5109976277218731,4.027307165480593
13,ANAND RATHI ADVISORS LIMITED,31,0.02954429305371198,0.17456860967502422,-0.2182833041535713,-0.18937974629061954,-0.7377913225600999,6.678026475432912
14,DOHA BROKERAGE AND FINANCIAL SERVICES LTD,31,0.8575256756950536,0.056142369716813294,13.203783403242536,0.0,1.4808122582527303,6.533149734614601
15,Marathon Trends Advisory Private Limited,31,0.03456558654478359,0.21717104700985085,-0.15400134545522248,-0.22200000000000003,-1.3213672456788856,7.154523383602427
16,O3 SECURITIES PRIVATE LIMITED,31,-0.054790585168022155,0.12171948664728018,-0.9635845813399206,-0.21731352029203846,-0.6290081015966533,3.119815268909762
17,Aquamarine Investment Managers LLP,31,0.05591744892341155,0.140121144848122,-0.09482953589377771,-0.10504826190060268,0.2768555017285697,3.6038258643292767
18,SYKES & RAY EQUITIES INDIA LIMITED,31,0.002186855746315164,0.2041832270132598,-0.31268107587206206,-0.24688890000000002,-0.9088222494490622,7.871137910759743
19,ASTUTE INVESTMENT MANAGEMENT PRIVATE LIMITED,31,-0.06985882681773736,0.2730615796836948,-0.48202485618959157,-0.3272131999999999,-1.35242447525081,6.755457854892765
20,DARASHAW & COMPANY LTD,31,-0.04629538061756777,0.1706012854544469,-0.640967023028776,-0.26740148208626946,-1.1889420596277003,7.217337196405138
21,GUARDIAN ADVISORS PVT LTD,31,-0.15291084796316234,0.35338591110532674,-0.593359496087576,-0.5158433561830977,-0.178480460210108,3.18679042915111
22,STEWART & MACKERTICH WEALTH MANAGEMENT LIMITED,31,-0.15599752964719393,0.2635336615874288,-0.806208104960106,-0.4952248083016244,-1.0417524099913222,5.424869043137612
23,ASK INVESTMENT MANAGERS LIMITED,31,-0.023794380359447698,0.22347483874245827,-0.39504733889462523,-0.24906439999999994,-1.5888184523972713,7.220021730889456
24,SUMEDHA FISCAL SERVICES LIMITED,31,0.0018621518472750065,0.16184624403945064,-0.3960768667038995,-0.1904398,-1.1139436867241632,7.730725777417479
25,OLD BRIDGE CAPITAL MANAGEMENT PVT. LTD.,31,-0.06300682164766624,0.27505922349735473,-0.4551039307965164,-0.4161212799658785,-0.9515844803981154,5.4684935721648475
26,THAUMATURGY CAPITAL SERVICES PRIVATE LIMITED,31,-0.06105149928828035,0.20246226251312976,-0.608902083741823,-0.3,-4.229347911543407,23.246704910018444
27,Asit C. Mehta Investment Interrmediates Limited,31,-0.034288276089641245,0.2263451079015576,-0.43352254618933567,-0.322231697307193,-0.22525754534208303,4.648902896366561
28,JEETAY INVESTMENTS PVT LTD,31,-0.04055430847106323,0.25576368983383735,-0.4069156592533606,-0.31759731897572674,-1.4680203538564907,6.83165370092955
29,OHM PORTFOLIO EQUI RESEARCH PVT LTD.,31,-0.18340912342729487,0.28782074264061225,-0.8277429950339038,-0.5432282337321536,-1.4605685244331326,7.944050045914456
30,MAJORTREND CAPITAL PVT LTD,31,-0.39627227281053534,0.3128805131304508,-1.3993649962635002,-0.7364089459842605,-0.9750783143487141,2.9604867659917935
31,ASIAN MARKETS SECURITIES PRIVATE LIMITED,31,-0.060566844763335737,0.23190548530284572,-0.5296607703776006,-0.31257500190428905,-1.476836593368858,7.277527008809316
32,SUREFIN FINANCIAL CONSULTANTS PVT. LTD,31,-0.11879808772092115,0.22135173527595714,-0.8017895437163396,-0.41113968173402976,-0.236523878334663,4.437031537749892
33,DGS CAPITAL MANAGEMENT PRIVATE LIMITED,31,-0.02058125367103636,0.15355648628436377,-0.5546976360479314,-0.2603889779063418,-0.58932682320022,4.29464504268879
34,JANAK MERCHANT SECURITIES PVT LTD,31,-0.13428495076005498,0.2565316430208323,-0.7487274720069336,-0.4485653327677378,-0.9061963755148007,6.450119501661245
35,ESCORTS SECURITIES LIMITED,31,-0.16188354600521637,0.4245948491890806,-0.5141050581726461,-0.5686122163878834,0.09352171115516522,8.689924019857184
36,AMBIT INVESTMENT ADVISORS PRIVATE LIMITED,31,0.06304040452040871,0.20188035291729983,-0.03301703060111863,-0.22613018776847174,-1.2717606509004602,6.413184006726762
37,NEW HORIZON WEALTH MANAGEMENT PRIVATE LIMITED,31,0.037398131794945444,0.2954448534318288,-0.10473768577494832,-0.34977076670999996,-1.7776435395603898,8.916485055023143
38,ALCHEMY CAPITAL MANAGEMENT PRIVATE LTD,31,-0.08516183203451022,0.2452480726753377,-0.5951748706685807,-0.35660461484217076,-2.387084271778832,10.687880920781083
39,ELITE WEALTH ADVISORS LIMITED,31,-0.20517921225869096,0.2091556662466689,-1.236152993947611,-0.5082593704903056,-1.2909220061803823,6.180643166945286
40,VALENTIS ADVISORS PRIVATE LIMITED,31,-0.1132051281769989,0.28923955456980976,-0.5958303472070515,-0.5123199836500937,-0.9860496774460719,5.692044989334788
41,IndiaNivesh Investment Managers Private Limited,31,-0.1286144653745227,0.32389114956088405,-0.5769072624802811,-0.5334977086256689,-0.5296855577542958,6.300518988670738
42,VALUEQUEST INVESTMENT ADVISORS PVT. LTD.,31,-0.07793253183550886,0.2791669866423459,-0.4986300120889215,-0.404386671159208,-0.9253166703499606,5.045711446620438
43,AEQUITAS INVESTMENT CONSULTANCY PRIVATE LIMITED,31,-0.24249024334350855,0.362825138461153,-0.809672350650918,-0.6611203014517222,-0.5135434882983613,5.345652947886326
44,MULTI-ACT EQUITY CONSULTANCY PVT LTD,31,0.055147526654654166,0.1610799982857646,-0.08713452406711206,-0.20760766168000003,-1.2154308447010684,8.274055292664624
45,ELIXIR EQUITIES PVT. LTD.,31,-0.12747918361148725,0.30154097239175925,-0.6161373904130916,-0.46468845257892893,-1.7954036747443172,8.627588552597715
46,VARANIUM CAPITAL ADVISORS PRIVATE LIMITED,31,-0.1414316069376017,0.16755428354859767,-1.1857650670501685,-0.4023705948755398,-1.6095819728993848,7.066713857964681
47,ADITYA BIRLA MONEY LIMITED,31,-0.09478835431167709,0.23776807349640858,-0.6517816696337855,-0.36559625284040165,-1.4380091384224982,6.54014026683896
48,IDFC ASSET MANAGEMENT COMPANY LIMITED,31,-0.05838811389803222,0.18713467158275904,-0.6451144012323838,-0.3209901560341519,-0.996042366678496,6.973577705725704
49,VITOR FUND MANAGERS LLP,31,-0.306048738504193,0.36066444703469,-0.9797966511181344,-0.656627448922428,-0.8643459350641078,5.862490581537984
50,MOTILAL OSWAL WEALTH MANAGEMENT LIMITED,31,0.41771125841183854,0.23935823658139455,1.3655392098686598,-0.17800000000000013,0.18550300434292705,5.673979126028093
51,WAY2WEALTH  BROKERS PRIVATE LTD.,31,-0.1405771860304338,0.23354777701167864,-0.8475631905020033,-0.46613222111221314,-0.9905246917533452,5.513558427172026
52,EMKAY INVESTMENT MANAGERS LIMITED,31,-0.048521765619621626,0.2274232412386295,-0.49034726680388413,-0.319786058938774,-1.670632192274255,8.561401985108061
53,ACEPRO ADVISORS PRIVATE LIMITED,31,-0.11406781570458413,0.24227935409224377,-0.7143405492077295,-0.418506736711081,-0.7876026977819793,5.302745829045309
54,IDBI CAPITAL MARKET SERVICES LTD,31,1.4817306757787776,0.06383747306826873,20.834611613819114,-0.012399999999999977,-3.910506426974234,21.069734911947847
55,Val-Q Investment Advisory Private Limited,31,-0.05608725743011733,0.23472725632515595,-0.5053669718830759,-0.31196096813416363,-1.1178857179179729,6.700721500341086
56,EQUITY INTELLIGENCE INDIA PVT. LTD.,31,-0.3128319446331166,0.3732515557515705,-0.9638036715811559,-0.7245845020643513,-0.590283094934721,4.771801928760919
57,TRIVANTAGE CAPITAL MANAGMENT INDIA PRIVATE LIMITED,31,-0.10610945009986217,0.2973313802433563,-0.5573113008602609,-0.35773956470498897,-1.454653435618859,6.728291331950239
58,ALTITUDE CAPITAL ADVISORS PRIVATE LIMITED,31,0.07002968683660726,0.41736178906045285,-0.0012087360848686327,-0.5690608087966824,-0.3052936278111664,3.960111410569564
59,TRUST INVESTMENT ADVISORS PVT. LTD.,31,-0.015536672451108346,0.20534313815439942,-0.3919752311888701,-0.3326937043985984,-0.3119866299496004,6.766420700566139
60,ALPHA CAPITAL ADVISORS PVT. LTD.,31,-0.0907234859343008,0.09537442638224325,-1.5834679657889243,-0.21856259961698749,-4.812951100420074,25.460747084756235
61,NEW BERRY CAPITALS PVT. LTD.,31,-0.29436555218663574,0.9150876476265591,-0.3753084571992867,-0.8582445542788368,1.2605053675582008,4.650885116465742
62,INFINITY ALTERNATIVES INVESTMENT MANAGERS PRIVATE LIMITED,31,-0.07604388877982293,0.2690153021190311,-0.5108123545916209,-0.40414661804250374,-1.1464138240392518,5.54296671595774
63,EDELWEISS ASSET MANAGEMENT LIMITED,31,0.05930802698634263,0.10562333808579945,-0.0954366035730678,-0.0955,-1.080128203190204,5.148573024022124
64,TRUSTLINE HOLDING PVT. LTD.,31,-0.03902682708256744,0.28508339085143986,-0.36021976677240186,-0.420625588312674,-1.3272133287155121,7.197159693623504
65,INVESCO ASSET MANAGEMENT (INDIA) PRIVATE LIMITED,31,0.030900498208191518,0.11776520215543161,-0.3123208371178752,-0.11328746556928065,0.593309611900294,3.504962353701917
66,ICICI PRUDENTIAL ASSET MANAGEMENT COMPANY LTD.,31,-0.02574813282319066,0.1969869670553801,-0.4573074526660035,-0.26874999999999993,-1.6622917374034283,8.66145917967531
67,ALLEGRO CAPITAL ADVISORS PVT LTD,31,0.028806454611792986,0.1728800831604045,-0.22443051388272528,-0.21675090000000014,-1.2000308374134834,7.1780991889778125
68,NEGEN CAPITAL SERVICES PRIVATE LIMITED,31,-0.1993855562354172,0.39326111985180634,-0.6444797788219427,-0.6133734536115458,-1.0036764426732894,6.742253096437162
69,UNIFI CAPITAL PRIVATE LIMITED,31,-0.024370050566753565,0.2853805513639186,-0.31157020513506056,-0.3663745479145093,-0.9075029881538137,6.791266247076997
70,EKLAVYA CAPITAL ADVISORS LLP,31,0.07070763122631907,0.07879495775582303,0.008220286964489839,-0.07700000000000004,-0.7326758012577661,8.154531471450927
71,ALFACCURATE ADVISORS PVT. LTD.,31,-0.05055964532460899,0.22928321148393552,-0.49471138775706486,-0.2987449015465466,-1.4495851368220605,7.3002752570806955
72,UTI ASSET MANAGEMENT COMPANY PVT LTD,31,3.2863269103953554,0.8831770039958561,3.433306695164266,-0.21100000000000008,2.5342021429435126,8.349216712938585
73,ALDER CAPITAL ADVISORS LLP,31,-0.015147011438421343,0.19285850147109776,-0.41540825838571716,-0.2171506000000001,-1.1736643137937488,5.468841148229165
74,TULSIAN PMS PRIVATE LIMITED,31,-0.2075501256092518,0.2682970140384262,-0.9722062792251895,-0.5349325085511805,-0.7783579517714264,4.830382579394321
75,IIFL WEALTH PORTFOLIO MANAGERS LIMITED,31,0.06622253246944676,0.11402872391772219,-0.03144634509875939,-0.1040763290111499,0.032224864349669084,6.211923341249328
76,JM FINANCIAL SERVICES  LTD,31,-0.024197093528773306,0.22210097790666475,-0.3991529132256823,-0.22753799999999996,-1.1091854007370021,5.288951210274615
77,SOLIDARITY ADVISORS PRIVATE LIMITED,31,0.05276908043147821,0.2648065329084004,-0.06202329289468455,-0.28200660000000005,-1.4014864048436364,8.34359633962885
78,QED CAPITAL ADVISORS LLP,31,-0.024746846287088453,0.07815132384902279,-1.1393739284370978,-0.09514123854152462,-0.06467801828255026,5.918486840118216
79,BONANZA PORTFOLIO LIMITED,31,-0.12555656469519427,0.201993798635258,-0.9099644279805096,-0.42556504578029125,-0.9113431037351136,4.651606235634473
80,CLUBMILLIONAIRE FINANCIAL SERVICES PRIVATE LIMITED,31,0.1510561952420888,0.25484517478201824,0.29819579983762645,-0.22123444800502792,-0.6039083218458263,4.19524690796716
81,SANCTUM WEALTH MANAGEMENT PRIVATE LIMITED,31,-0.0006775274977492973,0.18888016593562956,-0.3521772862913362,-0.21640159999999997,-1.3453590430256057,6.634401046106005
82,BNP PARIBAS ASSET MANAGEMENT INDIA PRIVATE LIMITED,31,-0.0629512809157795,0.20718039264557395,-0.6034962178850668,-0.2870205140829681,-1.1669705879223082,5.892910830392566
83,KOTAK MAHINDRA ASSET MANAGEMENT COMPANY LTD,31,-0.17731698490838954,0.28055974490178526,-0.8287477798247821,-0.516115899016105,-1.5955546901042486,7.538675810589913
84,SATCO CAPITAL MARKETS LTD,31,-0.012965691951090541,0.2549690557236206,-0.3065489812271704,-0.28181618753869386,-1.4540921267332676,7.14288650107024
85,BIRLA SUN LIFE ASSET MANAGEMENT COMPANY LIMITED,31,-0.08789532241667308,0.21262932944900964,-0.6982377593801886,-0.31379308787827226,-1.4176946586818773,6.636847622319144
86,FIVE RIVERS PORTFOLIO MANAGERS PRIVATE LIMITED,31,-0.10481270559544231,0.2295340368154017,-0.7160923305257892,-0.35948199413837695,-0.9431334647321756,6.956526259897515
87,SAVVY CAPITAL ADVISORS LLP,31,-0.12381107141994385,0.33039363325506726,-0.5519467453983324,-0.5430984308379061,-0.6567515694371849,5.238757031104089
88,KB CAPITAL MARKETS PVT. LTD.,31,-0.060777996804229795,0.2391968420710737,-0.5143469428784962,-0.3651266529439603,-0.829637832622148,5.823078581964902
89,SBI FUNDS MANAGEMENT PVT LTD,31,0.07832504352130476,0.03549674551188438,0.220333906838865,-0.02596509999999999,0.5076921167511144,5.5950234634210725
90,GIRIK WEALTH ADVISORS PRIVATE LIMITED,31,-0.1031370594427683,0.2229907939774861,-0.7299954264698081,-0.3242144001444171,-0.8871032178738447,3.788575732678737
91,PRITHVI FINMART PRIVATE LIMITED,31,-0.21823796026037967,0.2940446324427417,-0.9213563407682395,-0.5886960217032086,-1.1258780139298115,7.058487468379414
92,SAMVITTI CAPITAL PRIVATE LIMITED,31,-0.026100914411401166,0.2403235691608161,-0.37649731754970717,-0.2938680878397113,-1.855921589885874,8.321642602197034
93,GHALLA BHANSALI STOCK BROKERS PRIVATE LIMITED,31,-0.07866046807540472,0.24668334937075548,-0.5668606915656892,-0.3730205500416834,-0.9467760693316828,5.792145146695621
94,SAMEEKSHA CAPITAL PRIVATE LIMITED,31,0.06030231648892714,0.2666214649829931,-0.03499497149663481,-0.245906,-0.8035275920351315,5.251912074513227
95,BUOYANT CAPITAL PRIVATE LIMITED,31,-0.1592217690063611,0.3439031170850152,-0.6272013875814167,-0.49652181684501395,-1.9021511537112996,9.361739636132802
96,CENTRUM BROKING LIMITED,31,-0.08625219925332184,0.20967867683672556,-0.700694644986999,-0.31490370493124376,-1.5619575765472193,6.963402825541911
97,RELIANCE CAPITAL ASSET MANAGEMENT LTD,31,-0.04048133122834774,0.13783980697569467,-0.7534875218086204,-0.1939002320167181,-1.4808321017434258,7.062997918007527
98,RELIANCE WEALTH MANAGEMENT LIMITED,31,-0.13002093899479306,0.20720219260267211,-0.9073602685080305,-0.3997350536516229,-1.2402600657047496,5.377398762475798
99,QUEST INVESTMENT ADVISORS PVT. LTD.,31,-0.08230171254852747,0.23376806716955867,-0.6127287345170552,-0.37685553847221265,-0.9790208441182018,5.921286386477565
100,CARE PORTFOLIO MANAGERS PRIVATE LIMITED,31,-0.21946321266223867,0.3392834782207179,-0.8019586943879391,-0.6211044312649949,0.2688816173521438,3.726815146168909
101,RENAISSANCE INVESTMENT MANAGERS PRIVATE LIMITED,31,-0.1174452255163988,0.2652853748482699,-0.6645949466681078,-0.410655490531239,-2.080943974427393,10.391199973333938
102,BELLWETHER CAPITAL PRIVATE LIMITED,31,-0.029946688807969468,0.25750783637308666,-0.36553459905555746,-0.3439672000000001,-2.017053743488781,8.882889660049194
103,GEOJIT FINANCIAL SERVICES LIMITED,31,-0.12129357282170583,0.24549031910483463,-0.7326807148212581,-0.44425177803681687,-1.1489918283699623,7.67142728251848
104,CAPSTOCKS AND SECURITIES (INDIA) PRIVATE,31,-0.10801161438053075,0.23785125685414565,-0.7037301812512641,-0.4131445109709266,-1.049770488454518,6.444001491573747
105,REVELATION PORTFOLIO MANAGEMENT PVT. LTD.,31,-0.08392182988992924,0.22067592027896418,-0.6559410589560181,-0.3662295113985601,-1.705542237252499,8.743691948410149
106,QRC INVESTMENT ADVISORS LLP ,31,-0.01202870248845278,0.16000550232474364,-0.48222261252737264,-0.2381801999999999,-2.4680425667072154,12.213320577084628
107,RIGHT HORIZONS PORTFOLIO MANAGEMENT PRIVATE LIMITED,31,-0.014626057215665345,0.13482490870291414,-0.5901709991660138,-0.1976395562405955,-1.0588360879077865,6.188669479872288
108,KRCHOKSEY SHARES AND SECURITIES PRIVATE LIMITED,31,-0.03786071680837666,0.256188925131435,-0.39633273881100983,-0.3490933106561205,-0.9650214009970874,6.426790229475726
109,Laburnum Capital Advisors Private Limited,31,-0.01674283583503733,0.15039845391147275,-0.542374960686175,-0.20364812861863738,-1.4538006769459477,6.792220137960124
110,CHONA FINANCIAL SERVICES PRIVATE LTD.,31,-0.02097673327818328,0.19461813180787418,-0.43976590410709754,-0.2178175443947609,-0.37811737349026003,3.4016001285225257
111,QUANTUM ADVISORS PVT.LTD.,31,-0.038662900692631896,0.21992839714545218,-0.46487516953904107,-0.3396926002686302,-1.1098922476707682,8.178208134769108
112,ATLAS INTEGRATED FINANCE LTD,31,-0.051234011810503355,0.16364976922605765,-0.6964875831616688,-0.2367252783330419,-0.9528599441339509,5.111014161916599
113,Scient Capital Private Limited,31,0.06531788693307972,0.053686011874302435,-0.08211531541867426,-0.0530634699999998,-0.7364486526996399,6.163784735626044
114,CONCEPT INVESTWELL PRIVATE LIMITED  ,31,-0.07418656145354341,0.22729177196381847,-0.5966814636446583,-0.35506620426741436,-1.8469443124595957,9.352927419390968
115,KARVY CAPITAL LIMITED,31,0.1003827598693261,0.015344768994151424,1.8610291053646264,-0.014499999999999971,-4.3576328741187105,23.07588860149734
116,PARAG PARIKH FINANCIAL ADVISORY SERVICES,31,0.07643753592099212,0.22150232993750182,0.026595563901629527,-0.23299999999999993,-1.6505572782089062,7.9903424453062675
117,CRESCITA INVESTMENT MANAGEMENT PRIVATE LIMITED,31,-0.19897461041827746,0.2962354932667045,-0.8535157086005396,-0.554050276224097,-0.847405004454802,6.049451530133288
118,Avestha Fund Management LLP,31,-0.019316936437583254,0.24281656796318354,-0.34638976488338896,-0.28940200000000005,-1.5950963363039146,7.999668039684437
119,SILVERARCH INVESTMENT ADVISERS PRIVATE LIMITED,31,-0.03654372088474189,0.22175076977718522,-0.4521142265255825,-0.30863336409843023,-1.6303982007569608,7.757196976174905
120,Green Lantern Capital LLP,31,-0.13104622770446062,0.2152511379461135,-0.8779318635366113,-0.42832921958691006,-0.8078731293416889,6.174209254925605
121,AVENDUS WEALTH MANAGEMENT PRIVATE LTD,31,-0.06082883111895232,0.2871746968636159,-0.42895137638408587,-0.38966546960590054,-1.6782498552031697,8.875684053687639
122,SIRIUS ADVISORS PRIVATE LIMITED,31,0.0755239738424398,0.19529144077175956,0.026052121765076933,-0.27708784465612607,0.18731898118908286,3.992304470336941
123,ESTEE ADVISORS PVT LTD.,31,0.10948633524513118,0.013737389525224283,2.701732256859531,-0.0001999999999997692,0.18175532947966283,3.5572283703995615
124,M/S JHP SECURITIES PRIVATE LIMITED,31,-0.12398764783641969,0.2350370145948876,-0.7759243831869889,-0.4402680465809262,-0.5755924241965032,5.926147510554291
125,ATS WEALTH MANAGERS PRIVATE LIMITED,31,-0.7293915515050247,0.5244152494114162,-1.4293678873572389,-0.9679215931912724,-1.5118877370782948,4.298412878841597
126,P.C.S SECURITIES LIMITED,31,-0.1396055729789537,0.32953292850296756,-0.5984540260249349,-0.5299038578444727,-1.121774696537447,7.447550325445022
127,SOLDIERS FIELD INVESTMENTS PRIVATE LIMITED,31,-0.0831778859153397,0.2734495280621624,-0.5270311443137665,-0.3949566730191885,-0.8740650251701257,5.386716252143076
128,DALAL & BROACHA STOCK BROKING PVT. LTD.,31,-0.03701718235614293,0.22695960901499984,-0.44372353050386426,-0.2743339000000001,-1.4492617711407572,8.043966121288099
129,SHEPHERDS HILL FINANCIAL ADVISORS LLP,31,-0.16340823594270393,0.3219046318198866,-0.6819850950276785,-0.5837516178546345,-1.3162779845454622,6.834579181386503
130,AXIS ASSET MANAGEMENT COMPANY LIMITED,31,-0.0264284571330482,0.20902558762366183,-0.43410148720974356,-0.24724239999999995,-1.7214069028835874,7.561521778797619
131,PATERSON SECURITIES PRIVATE LTD,31,4.484462183248279,0.9713471904458759,4.2858623866560865,-0.3091147385577471,0.918568093146852,2.729346685385211
132,Sharekhan Limited,31,-0.053676708110967475,0.23114781175131063,-0.503398678349619,-0.31087411968101036,-1.529677615903518,6.768755925147724
133,BAY CAPITAL INVESTMENT ADVISORS PRIVATE LIMITED,31,0.043542088702186676,0.10570040384621998,-0.2355077545751861,-0.08047133332558362,1.7618584487456042,9.835212801211828
134,SECURITIES INVESTMENT MANAGEMENT PRIVATE LIMITED,31,-0.000186377201349619,0.2075818002464291,-0.31833573521147623,-0.21873640000000008,-1.2979659792005793,6.508187240052222
135,PRABHUDAS LILLADHER PVT. LTD.,31,-0.07930973980666722,0.2356717403399031,-0.595891564316817,-0.3511131057161098,-1.344754994371553,6.498446236138208
136,BASANT MAHESHWARI WEALTH ADVISERS LLP,31,0.04504686069774033,0.35493311796686067,-0.0672254648267342,-0.38130413536,-1.0809265768739176,4.661568971285896
137,SEERS FUND MANAGEMENT PRIVATE LIMITED,31,-0.2430058049128091,0.4148131021043325,-0.7097490241063067,-0.6221625067676163,-1.0240792517646071,6.050245610746305
138,Piramal Fund Management Private Limited,31,0.04201315057637678,0.12735189073915903,-0.20689625838560138,-0.14679468781412494,-1.089073390476561,12.79320501014096
139,BARCLAYS SECURITIES (INDIA) PRIVATE LIMITED,31,0.02104499298030693,0.187258791167938,-0.24624487397079214,-0.2080648,-1.621284025872426,8.102657266995246
140,CONSORTIUM SECURITIES PVT. LTD.,31,-0.02018335300333396,0.31693913733427354,-0.26844640004574016,-0.3884768000000001,-1.6831003838638232,8.255037187104142
141,SERAPHIC MANAGEMENT & ADVISORY PRIVATE LIMITED,31,-0.2847157970019428,0.3235920684860752,-1.029989657671235,-0.7049833565942472,-0.5485001608616022,5.373321193560307
142,GLOBE CAPITAL MARKET LTD.,31,0.02898897037010917,0.2730236989595379,-0.14186350465475622,-0.27720399999999995,0.649120449265061,5.6822811344158595
143,BANYAN TREE ADVISORS PRIVATE LIMITED,31,0.07124076991400297,0.1920487169377066,0.005475320194842493,-0.25002300000000005,-1.403718407693223,8.515098086635142
144,LIC MUTUAL FUND ASSET MANAGEMENT LTD,31,1.3417996537783283,0.09324926567210648,12.846768518836203,-0.02550000000000005,-3.117167749062604,11.738323435346805
145,SHADE CAPITAL PRIVATE LIMITED,31,-0.022715314274889153,0.29271614478766766,-0.2986856730179572,-0.37699439999999995,-2.3134925131594413,11.619759759255084
146,PHILLIPCAPITAL (INDIA) PRIVATE LIMITED,31,0.005291253855083777,0.21917249935801414,-0.2780867440705903,-0.24574000000000004,-1.1353238848604545,6.605833574228837
147,BANYAN CAPITAL ADVISORS PRIVATE LIMITED,31,-0.07882238318783263,0.25625501260242883,-0.5464456243252332,-0.3973108695279878,-2.124992482611685,10.413257993114696
148,KARVY STOCK BROKING LTD.,31,-0.06183946107689231,0.2513382895595291,-0.4935208046636453,-0.3743512659824065,-0.605650863790403,5.740219718668163
149,R. WADIWALA SECURITIES PRIVATE LIMITED,31,-0.06468840166323853,0.2466153952654527,-0.5137781604166675,-0.33238896207411106,-0.5571759993278612,3.33485991192705
150,WEALTH MANAGERS (INDIA) PRIVATE LIMITED,31,-0.024042122907316332,0.2277141288149145,-0.3888017113283066,-0.29944560000000003,-2.388632852786252,10.678650974830848
151,MOTILAL OSWAL ASSET MANAGEMENT COMPANY LIMITED,31,0.042831298459975686,0.2440976794963112,-0.1054093095219691,-0.3039508000000001,-1.7676535418011832,8.882270837971072
152,ABCHLOR INVESTMENT ADVISORS PRIVATE LIMITED,31,-0.060369733928730684,0.20789221351149656,-0.5897397563680065,-0.3221138275322934,-0.46117135684406474,5.120055919384729
153,WELLWORTH SHARE AND STOCK BROKING LTD,31,-0.18729987558590822,0.2469156109620738,-0.9792990250565979,-0.5164290320430253,-0.4326420884298064,3.4485840258206015
154,INDIA INFOLINE LTD,31,0.01381041003005401,0.1781963276765808,-0.296823423179552,-0.19433069489943713,-0.8121117736021444,6.91790161257947
155,Equitree Capital Advisors Private Limited,31,-0.3828834879996559,0.3471905205335928,-1.2250397233999655,-0.7719610777497823,-0.20745543496841382,3.7250472924512623
156,2POINT2 CAPITAL ADVISORS LLP,31,0.042789104118911236,0.3023287725254978,-0.08565100310861672,-0.3501,-1.7576437485794483,8.470542844127575
157,ZEN WEALTH MANAGEMENT SERVICES LIMITED,31,0.04081951454881949,0.233522772806754,-0.11814094679555093,-0.3842094025146711,-1.1012338681868237,5.711328036699448
158,WEALTHBRIDGE CAPITAL ADVISORS PRIVATE LIMITED,31,-0.056537935915394244,0.2132980716153775,-0.5579317135745955,-0.34413082357460206,0.008431765312567892,5.695047598957341
159,Wizemarkets Analytics Private Limited,31,0.0021585990488615092,0.14872598922504346,-0.4290617490781242,-0.17270034012789387,-1.1189856847624624,5.696894023632644
160,ENVISION CAPITAL SERVICES PVT.LTD.,31,-0.14442343217316422,0.20694593513064413,-0.9738561286515715,-0.3981638959837208,-2.0007096161443134,9.541315796243667
161,A C CHOKSI SHARE BROKERS PRIVATE LIMITED,31,-0.08031643361434415,0.24145740129209514,-0.5855269962905623,-0.3987749769396816,-0.7280030918122578,6.115234843075766
162,MONEYBEE SECURITIES PRIVATE LIMITED,31,-0.2911650456094439,0.29718252803242307,-1.1417607116833195,-0.6270108556964826,-0.8032198909826812,6.576747417168471
163,INDIA INFOLINE ASSET MANAGEMENT COMPANY LIMITED,31,0.026868410476198257,0.15538070593057515,-0.2613439609531119,-0.195758,-2.2079462013008277,11.48585700933211
164,IMPETUS WEALTH MANAGMENT PVT LTD,31,-0.12751098983290643,0.24455034563657385,-0.7593697305948454,-0.4141522939612843,-1.3722021686808483,7.4539992143034075
165,MIV INVESTMENT SERVICES PVT. LTD.,31,-0.003279972965337441,0.21902048797963786,-0.31504591982180535,-0.2321626910540076,-1.1948816823475021,6.668232528187684
166,INDIABULLS ASSET MANAGEMENT CO. LTD.,31,0.7558192215266542,0.10175317333563098,6.342988203010154,0.0,0.14047050497301808,2.0564273601125356
167,MOAT FINANCIAL SERVICES PRIVATE LIMITED,31,-0.13275578308491398,0.25522781727248584,-0.7469376343164216,-0.40517067481489727,-1.1873461724390244,6.294435859824195
168,ACCURACAP CONSULTANCY SERVICES PRIVATE LIMITED,31,0.03024019049481752,0.23070052099441982,-0.16266311522315355,-0.28903733010064114,-1.2301411697393378,6.044585642872698
169,MASTER PORTFOLIO SERVICES LTD,31,-0.07636213771127487,0.31434571623167196,-0.43837596258062256,-0.4243906284518425,-1.0106071882025525,6.873529264006314
170,ENAM ASSET MANAGEMENT CO.PVT.LTD,31,-0.04089676463854264,0.24915172574933322,-0.41895931028774286,-0.3163676202200165,-1.3342429624943355,8.019588990777796
171,AAROHAN HOLDINGS AND ADVISORS PRIVATE LIMITED,31,0.04302448350079113,0.12427296044537103,-0.2043425141039321,-0.14643521248792812,-0.555204074110988,5.095514160206248
172,MARFATIA STOCK BROKING PRIVATE LIMITED,30,0.04072541087090542,0.24011527194561688,-0.11525261858003151,-0.28410410928340885,-0.2538879797834283,5.125901780544225
173,KARMA CAPITAL ADVISORS PVT. LTD.,30,-0.15491817407409314,0.376144184865692,-0.5627746892047594,-0.5999407113561958,-0.8874247840022018,7.620540822986878
174,DYNAMIC EQUITIES PRIVATE LIMITED,30,-0.09195272648739683,0.09629956467835864,-1.580208963810901,-0.2240200629460857,-1.0285607702101454,3.9581968222161485
175,Pantomath Fund Managers Private Limited,30,-0.15509035297064722,0.325943287641609,-0.6495696947104628,-0.5794217476025875,-1.0850553429305296,5.711654109530494
176,White Oak Capital Management Consultants LLP,30,0.09879798211055846,0.24037475166053127,0.11180333422870034,-0.24106399999999986,-1.6962125256088392,7.1433820700320325
177,Credent Asset Management Services Private Limited,24,-0.1622328404950213,0.15128136044526874,-1.442272039815747,-0.35495847517158396,-1.1999759392506102,3.861126074427255
178,Capgrow Capital Advisors LLP,22,-0.034603631907101695,0.3077609788561466,-0.32037829102141147,-0.362302,-1.868901200110657,8.04701494454225
179,Marcellus Investment Managers Private Limited,19,0.1575455694379686,0.20877091811991336,0.3935402388224646,-0.18054099999999995,-1.2013431099701268,5.815839078663941
180,HUNTER WEALTH MANAGEMENT LLP,19,0.06380633835865979,0.3218665744814473,-0.019193356129502088,-0.3373704999999999,-1.5919566481885852,7.488245548722964
181,GREEN PORTFOLIO PRIVATE LIMITED,19,0.07554683829942244,0.3007882622406572,0.016464933497728148,-0.23983019999999988,-0.4157190434007938,3.8362211229470256
182,JOINDRE CAPITAL SERVICES LIMITED,19,0.03184054077704501,0.21151035477119928,-0.17017110307477762,-0.2189247999999998,-1.306288908270229,6.228510907876681
183,Sundaram Alternate Assets Limited ,19,-0.013479487612558572,0.29346667942004,-0.2682500632004915,-0.2841370000000001,-1.8736684680550386,7.5000061152050055
184,STALLION ASSET PRIVATE LIMITED,19,0.1802478454932872,0.24847026579141443,0.41629546749492985,-0.20631760000000002,-1.4028078294668602,6.008643562921545
185,TCG ADVISORY SERVICES PRIVATE LIMITED,19,0.16049055683877822,0.15064397848115796,0.5642672952089047,-0.08695347999999997,0.3064318537537204,2.7120749145160192
186,V. P. Consultants Private Limited,19,0.37707244630498793,0.5450808451159155,0.5285120999875278,-0.2730848,2.1919699198083573,9.502934094846182
187,Itus Capital Advisors Pvt Ltd,19,0.004982121848361443,0.2563965959896654,-0.23910737288498832,-0.2883396999999999,-1.8029278191142457,8.420127921609097
188,T.RAM FINANCIAL SERVICES PRIVATE LIMITED,19,-0.0010270951739593803,0.22190562242349313,-0.3014222045792195,-0.24587177667296936,-1.361137036174753,6.390043706950915
189,EUREKA PORTFOLIO MANAGEMENT SERVICES PVT LTD,19,-0.11610902617392549,0.29852793079821976,-0.5864424016129249,-0.32901828408639994,-0.9913109660881488,4.263905480165884
190,Pioneer Wealth Management Services Limited,19,-0.05701724884211801,0.25077681859346496,-0.47666765137469863,-0.30539939999999993,-2.273804467106361,8.825484919213995
191,KSEMA WEALTH MANAGEMENT PVT LTD,19,-0.02461213343207702,0.30161870550211556,-0.29568643536900413,-0.3414546186405758,-1.5103320233879454,6.7768041238585885
192,DMZ Partners Investment Management LLP,19,-0.02779921748225267,0.35324173622397215,-0.26139242300285753,-0.35830809999999996,-1.986702505061771,8.221488861278
193,MICROSEC WEALTH MANAGEMENT LIMITED ,19,0.09594997374789838,0.15440752981366515,0.15752465987061245,-0.10699999999999991,-0.7488460826178993,3.812622232684219
194,Decimal Wealth Partners Pvt Ltd,19,-0.150613804988458,0.3595046289627075,-0.5774094343805943,-0.44360628967377014,-1.0453993552777965,4.950367049552064
195,Wyridian Advisors LLP,19,-0.06555512362932037,0.2707096249722783,-0.4711002034254458,-0.2638548248054733,0.5649135001582791,5.261459683267416
196,LKP SECURITIES LTD,19,0.0024841652720524188,0.24311044142493052,-0.261667513708103,-0.2634062,-0.9726750819213817,5.881074519562863
197,Choice Portfolio Management Services Private Limited. ,19,-0.1305375298333351,0.28966275248198303,-0.6511134549013337,-0.38640061643513557,-1.156825362242853,4.587653378183265
198,MEHTA EQUITIES LIMITED,19,-0.040754067679673045,0.24722307845202932,-0.4217267792086521,-0.2848,-2.4047496032900657,9.680271970629933
199,Catalytic Solution and Management Services Private Limited,19,-0.06868183270299699,0.295839030745236,-0.4413457868670755,-0.3278355740800001,-1.7256857635812,8.140472702800231
200,Agreya Capital Advisors LLP,19,0.09571207076365007,0.14953561647252475,0.1611778561828299,-0.11300000000000011,-1.2610352282579886,4.623116554570648
201,Fort Capital Investment Advisory Private Limited,19,-0.14352241924226972,0.2799999398496176,-0.7170849559707426,-0.36656218740217117,-1.3650078577806934,6.542184281425817
202,VENTURA SECURITIES LIMITED,19,0.16253884688188425,0.15505763727463726,0.5606177501436415,-0.09568787001479195,0.9925844886149856,3.9043693080037296
203,Chanakya Capital Services Private Limited,19,0.07984585335541716,0.1698582690920503,0.05402848234003932,-0.12496884643999992,0.25904639782284994,3.826294487634488
204,Valcreate Investment Managers LLP,19,0.0884003398436144,0.2531646603757284,0.06762742545424255,-0.190423453352946,0.21627783583712196,4.555381239264749
205,NARNOLIA FINANCIAL ADVISORS LTD,17,0.017386031543427327,0.27322130977953946,-0.18182562327981536,-0.2720687999999999,-1.6621235047268375,7.043669707111959
206,Mittal Analytics Private Limited,15,-0.05135114734475554,0.43785606245497094,-0.26166035314095865,-0.41231033459723443,-0.6755582538140343,4.2016471301547424
207,lakewater advisors private limited,14,-0.06255178058507371,0.40368454744534604,-0.30980457015628304,-0.33170640000000007,-1.6255682544271302,5.476726481372881
208,Atman Capital Management Private Limited,13,0.1660030784755786,0.245493736846318,0.3668694670910257,-0.1725417999999999,-0.9975547952115211,4.30134504774363
